-- Dallni Campus Seed Data

-- 1. Insert Buildings
insert into public.buildings (id, name_ar, name_en, description_ar, description_en, type, latitude, longitude, address_text, is_accessible, is_active) values
('b1111111-1111-1111-1111-111111111111', 'كلية علوم الحاسب والمعلومات', 'College of Computer Science and Information', 'كلية علوم الحاسب تقع في المنطقة الشمالية للحرم الجامعي، مجهزة بالكامل بالمنحدرات والمصاعد المخصصة ومسارات المكفوفين.', 'The computer science college is located in the northern sector. It is fully accessible with ramps, tactile paths, and elevators.', 'college', 24.7136, 46.6753, 'شمال الحرم الجامعي، بجوار كلية الهندسة', true, true),
('b2222222-2222-2222-2222-222222222222', 'كلية الهندسة', 'College of Engineering', 'كلية الهندسة، مبنى رقم 3، يحتوي على مداخل مهيأة عند البوابات الغربية والشرقية.', 'College of Engineering, Building 3, features accessible entrances at western and eastern gates.', 'college', 24.7142, 46.6765, 'شمال الحرم الجامعي، بجوار مواقف السيارات رقم 4', true, true),
('b3333333-3333-3333-3333-333333333333', 'كلية العلوم', 'College of Science', 'كلية العلوم، مبنى رقم 4. يحتوي على مصاعد مهيأة ناطقة لخدمة ضعاف البصر والمكفوفين.', 'College of Science, Building 4. Features talking elevators for visually impaired users.', 'college', 24.7121, 46.6741, 'وسط الحرم الجامعي، بجوار المكتبة', true, true),
('b4444444-4444-4444-4444-444444444444', 'عمادة شؤون الطلاب', 'Deanship of Student Affairs', 'مبنى عمادة شؤون الطلاب مجهز بالكامل للمراجعين، مع ممرات أرضية بارزة وتوجيهات واضحة.', 'The Deanship building is fully accessible with tactile flooring and voice guidance systems.', 'deanship', 24.7105, 46.6722, 'المنطقة الإدارية، بجوار البوابة الرئيسية', true, true),
('b5555555-5555-5555-5555-555555555555', 'المكتبة المركزية', 'Central Library', 'المكتبة المركزية، تحتوي على طابق أرضي مهيأ لخدمة ذوي الإعاقة وغرف للقراءة بالصوت وبرايل.', 'Central Library, featuring accessible ground floor reading rooms and Braille support.', 'library', 24.7118, 46.6735, 'وسط الحرم الجامعي', true, true),
('b6666666-6666-6666-6666-666666666666', 'مبنى السنة التحضيرية', 'Preparatory Year Building', 'مبنى السنة التحضيرية للطلاب الجدد، مجهز بالكامل بمسارات حركة آمنة ومنحدرات ومصاعد.', 'Preparatory Year Building, fully equipped with safe pathways, accessibility ramps and lifts.', 'college', 24.7090, 46.6710, 'المنطقة الجنوبية للحرم الجامعي', true, true);

-- 2. Insert Floors
insert into public.floors (id, building_id, floor_number, name_ar, name_en) values
('f1111111-1111-1111-1111-111111111111', 'b1111111-1111-1111-1111-111111111111', 0, 'الدور الأرضي', 'Ground Floor'),
('f2222222-2222-2222-2222-222222222222', 'b1111111-1111-1111-1111-111111111111', 1, 'الدور الأول', 'First Floor');

-- 3. Insert Navigation Points
insert into public.navigation_points (id, building_id, floor_id, name_ar, name_en, type, latitude, longitude, indoor_x, indoor_y, description_ar, description_en, audio_instruction_ar, audio_instruction_en, is_accessible, is_hazard, is_active) values
('p0000000-0000-0000-0000-000000000000', null, null, 'بوابة الحرم الرئيسية', 'Main Campus Gate', 'entrance', 24.7082, 46.6705, null, null, 'البوابة الخارجية الرئيسية للحرم الجامعي المخصصة للمشاة.', 'The main pedestrian entrance gate of the university campus.', 'أنت الآن عند بوابة الحرم الرئيسية. انطلق للأمام نحو الممشى الرئيسي.', 'You are at the main campus gate. Proceed straight along the main walkway.', true, false, true),
('p0000000-0000-0000-0000-000000000001', null, null, 'التقاطع الرئيسي للمشاة', 'Main Pedestrian Intersection', 'intersection', 24.7100, 46.6720, null, null, 'تقاطع ممرات المشاة الذي يربط البوابة بكلية الحاسب والمكتبة.', 'A pedestrian crossway linking the main gate, CS building, and the Library.', 'تقاطع رئيسي. للأمام نحو المكتبة، لليسار نحو كلية الحاسب والعلوم.', 'Main intersection. Straight for Library, left for CS and Science.', true, false, true),
('p1111111-1111-1111-1111-111111111001', 'b1111111-1111-1111-1111-111111111111', 'f1111111-1111-1111-1111-111111111111', 'منحدر مدخل كلية الحاسب', 'CS Entrance Ramp', 'ramp', 24.7132, 46.6749, 0.0, 0.0, 'المنحدر المؤدي لمدخل الكلية لتجنب السلالم.', 'The accessibility ramp at the entrance of CS to bypass the stairs.', 'منحدر مدخل كلية الحاسب. يقع على يسار الدرج مباشرة ومزود بمسار لمسي.', 'The computer science entrance ramp. Located to the left of the stairs with tactile lines.', true, false, true),
('p1111111-1111-1111-1111-111111111002', 'b1111111-1111-1111-1111-111111111111', 'f1111111-1111-1111-1111-111111111111', 'الباب التلقائي الرئيسي لكلية الحاسب', 'CS Main Automatic Door', 'entrance', 24.7133, 46.6750, 2.0, 5.0, 'البوابة التلقائية الزجاجية لمدخل كلية الحاسب.', 'The main automatic glass entrance door for the CS college.', 'الباب التلقائي الرئيسي لكلية الحاسب. الباب يفتح تلقائيًا بمجرد الاقتراب منه.', 'Main automatic door of CS. It opens automatically as you approach.', true, false, true),
('p1111111-1111-1111-1111-111111111003', 'b1111111-1111-1111-1111-111111111111', 'f1111111-1111-1111-1111-111111111111', 'بهو كلية الحاسب الرئيسي', 'CS Main Lobby', 'corridor', 24.7134, 46.6751, 10.0, 10.0, 'البهو الداخلي الرئيسي لكلية الحاسب، به مسارات تكتيلية صفراء.', 'The inner lobby of CS building, featuring yellow tactile paving floor.', 'بهو الكلية الرئيسي. توجد لوحة الاستعلامات على يمينك والمصاعد في نهاية الممر على اليسار.', 'Main lobby of CS. Help desk is on your right and elevators are at the end of the left corridor.', true, false, true),
('p1111111-1111-1111-1111-111111111004', 'b1111111-1111-1111-1111-111111111111', 'f1111111-1111-1111-1111-111111111111', 'مصعد كلية الحاسب - الدور الأرضي', 'CS Ground Floor Elevator', 'elevator', 24.7135, 46.6752, 10.0, 30.0, 'مصعد ناطق مجهز بأزرار بارزة برايل.', 'A voice-guided elevator equipped with Braille tactile buttons.', 'مصعد الدور الأرضي لكلية الحاسب. أزرار التحكم تقع على يمين فتحة المصعد.', 'CS Ground floor elevator. Controls are on the right side of the elevator gate.', true, false, true),
('p1111111-1111-1111-1111-111111111005', 'b1111111-1111-1111-1111-111111111111', 'f1111111-1111-1111-1111-111111111111', 'دورة المياه المهيأة بكلية الحاسب', 'CS Accessible Restroom', 'restroom', 24.7134, 46.6753, 25.0, 12.0, 'دورة مياه واسعة مجهزة بمساند ومقابض خاصة لذوي الاحتياجات.', 'A spacious restroom with handrails and assistance buttons.', 'دورة المياه المهيأة لكلية الحاسب. الباب يفتح للخارج ويحتوي على قفل عريض.', 'CS accessible restroom. The door opens outward and has a large accessible handle.', true, false, true),
('p1111111-1111-1111-1111-111111111101', 'b1111111-1111-1111-1111-111111111111', 'f1111111-1111-1111-1111-111111111111', 'القاعة الدراسية 101', 'Classroom 101', 'hall', 24.7133, 46.6754, 30.0, 15.0, 'قاعة دراسية في الدور الأرضي بسعة 40 طالبًا.', 'Ground floor classroom with a capacity of 40 students.', 'القاعة 101. الباب يقع على يسار الممر وعليه لوحة برايل البارزة.', 'Classroom 101. The door is on the left side of the corridor and has a Braille placard.', true, false, true),
('p1111111-1111-1111-1111-111111111102', 'b1111111-1111-1111-1111-111111111111', 'f1111111-1111-1111-1111-111111111111', 'القاعة الدراسية 102', 'Classroom 102', 'hall', 24.7133, 46.6755, 30.0, 20.0, 'قاعة دراسية في الدور الأرضي بجوار القاعة 101.', 'Ground floor classroom next to Classroom 101.', 'القاعة 102. الباب يقع على يسار الممر وعليه لوحة برايل البارزة.', 'Classroom 102. The door is on the left side of the corridor and has a Braille placard.', true, false, true),
('p4444444-4444-4444-4444-444444444001', 'b4444444-4444-4444-4444-444444444444', null, 'مدخل عمادة شؤون الطلاب الرئيسي', 'Student Affairs Main Entrance', 'entrance', 24.7104, 46.6720, null, null, 'المدخل المهيأ الرئيسي لمبنى عمادة شؤون الطلاب.', 'The primary accessible entrance for the Student Affairs Deanship.', 'أنت الآن عند مدخل عمادة شؤون الطلاب. المكاتب بالداخل مباشرة.', 'You are at the student affairs entrance. Offices are directly inside.', true, false, true),
('p5555555-5555-5555-5555-555555555001', 'b5555555-5555-5555-5555-555555555555', null, 'مدخل المكتبة المركزية الرئيسي', 'Central Library Main Entrance', 'entrance', 24.7119, 46.6734, null, null, 'مدخل المكتبة المركزية المهيأ الخالي من العوائق.', 'The accessible, barrier-free entrance of the Central Library.', 'مدخل المكتبة المركزية الرئيسي. ادخل مباشرة نحو بوابات الاستعارة والبهو.', 'Central Library main entrance. Enter directly towards the checkout desks and lobby.', true, false, true);

-- 4. Insert Routes
insert into public.routes (id, start_point_id, end_point_id, name_ar, name_en, route_type, distance_meters, estimated_minutes, has_stairs, has_ramp, wheelchair_accessible, visually_impaired_friendly, status) values
('r1111111-1111-1111-1111-111111111111', 'p0000000-0000-0000-0000-000000000000', 'p1111111-1111-1111-1111-111111111002', 'من بوابة الحرم إلى كلية الحاسب', 'From Main Gate to Computer Science', 'safe_accessible', 90.0, 2.5, false, true, true, true, 'active'),
('r2222222-2222-2222-2222-222222222222', 'p1111111-1111-1111-1111-111111111002', 'p1111111-1111-1111-1111-111111111101', 'من مدخل كلية الحاسب إلى القاعة 101', 'From CS Entrance to Classroom 101', 'blind_friendly', 20.0, 0.5, false, false, true, true, 'active'),
('r3333333-3333-3333-3333-333333333333', 'p1111111-1111-1111-1111-111111111002', 'p1111111-1111-1111-1111-111111111004', 'من مدخل كلية الحاسب إلى المصعد', 'From CS Entrance to Elevator', 'safe_accessible', 30.0, 0.8, false, false, true, true, 'active'),
('r4444444-4444-4444-4444-444444444444', 'p1111111-1111-1111-1111-111111111003', 'p1111111-1111-1111-1111-111111111005', 'من البهو إلى دورة المياه المهيأة', 'From Lobby to Accessible Restroom', 'wheelchair', 12.0, 0.3, false, false, true, true, 'active');

-- 5. Insert Route Steps
insert into public.route_steps (id, route_id, step_order, from_point_id, to_point_id, instruction_ar, instruction_en, distance_meters, direction, haptic_pattern, warning_level) values
-- Route 1 steps (Gate to CS Entrance)
('s1111111-1111-1111-1111-111111111001', 'r1111111-1111-1111-1111-111111111111', 1, 'p0000000-0000-0000-0000-000000000000', 'p0000000-0000-0000-0000-000000000001', 'تحرك للأمام مباشرة مسافة 50 مترًا لتصل إلى التقاطع الرئيسي للحرم.', 'Walk straight for 50 meters to reach the main campus intersection.', 50.0, 'straight', 'continue', 'none'),
('s1111111-1111-1111-1111-111111111002', 'r1111111-1111-1111-1111-111111111111', 2, 'p0000000-0000-0000-0000-000000000001', 'p1111111-1111-1111-1111-111111111001', 'عند التقاطع، انعطف يسارًا وسر مسافة 30 مترًا، ستجد منحدر الكلية على يسارك.', 'At the intersection, turn left and walk for 30 meters. The college ramp will be on your left.', 30.0, 'left', 'turn_left', 'none'),
('s1111111-1111-1111-1111-111111111003', 'r1111111-1111-1111-1111-111111111111', 3, 'p1111111-1111-1111-1111-111111111001', 'p1111111-1111-1111-1111-111111111002', 'انتبه لوجود منحدر. اصعد المنحدر للأمام مسافة 10 أمتار لتصل إلى باب الكلية التلقائي.', 'Caution: Ramp ahead. Proceed up the ramp for 10 meters to reach the automatic door.', 10.0, 'straight', 'warning', 'caution'),

-- Route 2 steps (CS Entrance to Class 101)
('s2222222-2222-2222-2222-222222222001', 'r2222222-2222-2222-2222-222222222222', 1, 'p1111111-1111-1111-1111-111111111002', 'p1111111-1111-1111-1111-111111111003', 'اعبر الباب الرئيسي للأمام مباشرة مسافة 5 أمتار لتصل إلى بهو الكلية الرئيسي.', 'Go straight through the main entrance for 5 meters to enter the main lobby.', 5.0, 'straight', 'continue', 'none'),
('s2222222-2222-2222-2222-222222222002', 'r2222222-2222-2222-2222-222222222222', 2, 'p1111111-1111-1111-1111-111111111003', 'p1111111-1111-1111-1111-111111111101', 'انعطف يمينًا من البهو، وامشِ للأمام مسافة 15 مترًا. ستجد باب القاعة 101 على يسارك.', 'Turn right from the lobby and walk straight for 15 meters. The door to Classroom 101 will be on your left.', 15.0, 'right', 'turn_right', 'none'),

-- Route 3 steps (CS Entrance to Elevator)
('s3333333-3333-3333-3333-333333333001', 'r3333333-3333-3333-3333-333333333333', 1, 'p1111111-1111-1111-1111-111111111002', 'p1111111-1111-1111-1111-111111111003', 'اعبر الباب الرئيسي للأمام مسافة 5 أمتار لتصل إلى البهو الرئيسي.', 'Go straight through the main entrance for 5 meters to reach the main lobby.', 5.0, 'straight', 'continue', 'none'),
('s3333333-3333-3333-3333-333333333002', 'r3333333-3333-3333-3333-333333333333', 2, 'p1111111-1111-1111-1111-111111111003', 'p1111111-1111-1111-1111-111111111004', 'انعطف يسارًا من البهو، وسر للأمام مسافة 25 مترًا في الممر. المصعد أمامك في نهاية الممر.', 'Turn left from the lobby, walk straight for 25 meters. The elevator is straight ahead at the end of the hall.', 25.0, 'left', 'turn_left', 'none'),

-- Route 4 steps (Lobby to restroom)
('s4444444-4444-4444-4444-444444444001', 'r4444444-4444-4444-4444-444444444444', 1, 'p1111111-1111-1111-1111-111111111003', 'p1111111-1111-1111-1111-111111111005', 'انعطف يمينًا من البهو، وامشِ مسافة 12 مترًا. ستجد دورة المياه المهيأة على يمينك.', 'Turn right from the lobby and walk 12 meters. The accessible restroom will be on your right.', 12.0, 'right', 'turn_right', 'none');

-- 6. Insert QR codes
insert into public.qr_codes (id, navigation_point_id, code, qr_image_url, scan_count) values
('q1111111-1111-1111-1111-111111111111', 'p1111111-1111-1111-1111-111111111002', 'dallni://point/p1111111-1111-1111-1111-111111111002', 'https://api.qrserver.com/v1/create-qr-code/?size=300x300&data=dallni://point/p1111111-1111-1111-1111-111111111002', 45),
('q2222222-2222-2222-2222-222222222222', 'p1111111-1111-1111-1111-111111111003', 'dallni://point/p1111111-1111-1111-1111-111111111003', 'https://api.qrserver.com/v1/create-qr-code/?size=300x300&data=dallni://point/p1111111-1111-1111-1111-111111111003', 12),
('q3333333-3333-3333-3333-333333333333', 'p1111111-1111-1111-1111-111111111004', 'dallni://point/p1111111-1111-1111-1111-111111111004', 'https://api.qrserver.com/v1/create-qr-code/?size=300x300&data=dallni://point/p1111111-1111-1111-1111-111111111004', 38);
